{
  "version": "1.1.0",
  "diagrams": [
    {
      "ordinal": 0,
      "scrollPosition": {
        "x": 0,
        "y": 3.7481293371938031
      },
      "nodes": [
        {
          "location": {
            "x": 290.81369182289649,
            "y": 0
          },
          "nodeIndex": "IMDB-Movie-Data",
          "nodeLineageTag": "7f5609d6-38bb-4148-8175-0ceea9b62794",
          "size": {
            "height": 300,
            "width": 234
          },
          "zIndex": 0
        },
        {
          "location": {
            "x": 0,
            "y": 12.778060779865129
          },
          "nodeIndex": "Movie by rank",
          "nodeLineageTag": "d0314eed-693f-47cf-9585-976e820a7219",
          "size": {
            "height": 152,
            "width": 234
          },
          "zIndex": 0
        },
        {
          "location": {
            "x": 654.67548963104127,
            "y": 14.004835985318323
          },
          "nodeIndex": "Total Revenues",
          "nodeLineageTag": "4fff77e9-6bb0-48b8-8335-2b0c8677599f",
          "size": {
            "height": 200,
            "width": 234
          },
          "zIndex": 0
        },
        {
          "location": {
            "x": 571.58237718398584,
            "y": 323.63081771035297
          },
          "nodeIndex": "Year",
          "nodeLineageTag": "e51a4d5a-6158-4f44-9d01-d09d4a650271",
          "size": {
            "height": 300,
            "width": 234
          },
          "zIndex": 0
        },
        {
          "location": {
            "x": 19.932490307289413,
            "y": 332.20881140800708
          },
          "nodeIndex": "Total Genre",
          "nodeLineageTag": "bd9f902d-4a52-41fc-aec0-fdc1d80b0947",
          "size": {
            "height": 200,
            "width": 234
          },
          "zIndex": 0
        }
      ],
      "name": "All tables",
      "zoomValue": 85.375923822296173,
      "pinKeyFieldsToTop": false,
      "showExtraHeaderInfo": false,
      "hideKeyFieldsWhenCollapsed": false,
      "tablesLocked": false
    }
  ],
  "selectedDiagram": "All tables",
  "defaultDiagram": "All tables"
}