{
  "config": "{\"version\":\"5.49\",\"themeCollection\":{\"baseTheme\":{\"name\":\"CY23SU08\",\"version\":\"5.48\",\"type\":2}},\"activeSectionIndex\":1,\"bookmarks\":[{\"displayName\":\"Bookmark 1\",\"name\":\"Bookmarkb1378e47ef8afb0fe6c8\",\"explorationState\":{\"version\":\"1.3\",\"activeSection\":\"ReportSectiondcb0bd01b5af7d64db4c\",\"sections\":{\"ReportSectiondcb0bd01b5af7d64db4c\":{\"visualContainers\":{\"91912450ca78bee39e4b\":{\"filters\":{\"byExpr\":[{\"type\":\"Categorical\",\"expression\":{\"Column\":{\"Expression\":{\"SourceRef\":{\"Entity\":\"Total Genre\"}},\"Property\":\"Genre\"}},\"howCreated\":0},{\"type\":\"Advanced\",\"expression\":{\"Aggregation\":{\"Expression\":{\"Column\":{\"Expression\":{\"SourceRef\":{\"Entity\":\"IMDB-Movie-Data\"}},\"Property\":\"Votes\"}},\"Function\":1}},\"howCreated\":0},{\"type\":\"Advanced\",\"expression\":{\"Aggregation\":{\"Expression\":{\"Column\":{\"Expression\":{\"SourceRef\":{\"Entity\":\"IMDB-Movie-Data\"}},\"Property\":\"Rank\"}},\"Function\":5}},\"howCreated\":0}]},\"singleVisual\":{\"visualType\":\"lineChart\",\"objects\":{},\"orderBy\":[{\"Direction\":2,\"Expression\":{\"Aggregation\":{\"Expression\":{\"Column\":{\"Expression\":{\"SourceRef\":{\"Entity\":\"IMDB-Movie-Data\"}},\"Property\":\"Votes\"}},\"Function\":1}}}],\"activeProjections\":{\"Category\":[{\"Column\":{\"Expression\":{\"SourceRef\":{\"Entity\":\"Total Genre\"}},\"Property\":\"Genre\"}}]}}},\"2ba385717db94fe89f8a\":{\"filters\":{\"byExpr\":[{\"type\":\"Advanced\",\"expression\":{\"Aggregation\":{\"Expression\":{\"Column\":{\"Expression\":{\"SourceRef\":{\"Entity\":\"Movie by rank\"}},\"Property\":\"Movies by Director\"}},\"Function\":0}},\"howCreated\":0},{\"type\":\"Advanced\",\"expression\":{\"Aggregation\":{\"Expression\":{\"Column\":{\"Expression\":{\"SourceRef\":{\"Entity\":\"Total Genre\"}},\"Property\":\"Max Revenue\"}},\"Function\":0}},\"howCreated\":0},{\"type\":\"Advanced\",\"expression\":{\"Aggregation\":{\"Expression\":{\"Column\":{\"Expression\":{\"SourceRef\":{\"Entity\":\"Total Genre\"}},\"Property\":\"Max Metascore\"}},\"Function\":0}},\"howCreated\":0},{\"type\":\"Advanced\",\"expression\":{\"Aggregation\":{\"Expression\":{\"Column\":{\"Expression\":{\"SourceRef\":{\"Entity\":\"Total Revenues\"}},\"Property\":\"Total Metascore\"}},\"Function\":0}},\"howCreated\":0},{\"type\":\"Advanced\",\"expression\":{\"Aggregation\":{\"Expression\":{\"Column\":{\"Expression\":{\"SourceRef\":{\"Entity\":\"Total Revenues\"}},\"Property\":\"Total Votes\"}},\"Function\":0}},\"howCreated\":0},{\"type\":\"Advanced\",\"expression\":{\"Aggregation\":{\"Expression\":{\"Column\":{\"Expression\":{\"SourceRef\":{\"Entity\":\"Total Revenues\"}},\"Property\":\"Max Rating\"}},\"Function\":4}},\"howCreated\":0}]},\"singleVisual\":{\"visualType\":\"multiRowCard\",\"objects\":{},\"orderBy\":[{\"Direction\":2,\"Expression\":{\"Aggregation\":{\"Expression\":{\"Column\":{\"Expression\":{\"SourceRef\":{\"Entity\":\"Movie by rank\"}},\"Property\":\"Movies by Director\"}},\"Function\":0}}}]}},\"7c6dd5edd19f1e50388f\":{\"filters\":{\"byExpr\":[{\"type\":\"Advanced\",\"expression\":{\"Column\":{\"Expression\":{\"SourceRef\":{\"Entity\":\"Year\"}},\"Property\":\"Year\"}},\"howCreated\":0}]},\"singleVisual\":{\"visualType\":\"slicer\",\"objects\":{\"merge\":{\"data\":[{\"properties\":{\"mode\":{\"expr\":{\"Literal\":{\"Value\":\"'Between'\"}}}}}]}},\"activeProjections\":{\"Values\":[{\"Column\":{\"Expression\":{\"SourceRef\":{\"Entity\":\"Year\"}},\"Property\":\"Year\"}}]}}},\"2e6f75b6096e8dec4f42\":{\"filters\":{\"byExpr\":[{\"type\":\"Categorical\",\"expression\":{\"Column\":{\"Expression\":{\"SourceRef\":{\"Entity\":\"Total Revenues\"}},\"Property\":\"Genre\"}},\"howCreated\":0},{\"type\":\"Advanced\",\"expression\":{\"Aggregation\":{\"Expression\":{\"Column\":{\"Expression\":{\"SourceRef\":{\"Entity\":\"Total Genre\"}},\"Property\":\"Max Revenue\"}},\"Function\":0}},\"howCreated\":0},{\"type\":\"Advanced\",\"expression\":{\"Aggregation\":{\"Expression\":{\"Column\":{\"Expression\":{\"SourceRef\":{\"Entity\":\"Total Genre\"}},\"Property\":\"Average Revenue\"}},\"Function\":0}},\"howCreated\":0}]},\"singleVisual\":{\"visualType\":\"columnChart\",\"objects\":{},\"orderBy\":[{\"Direction\":2,\"Expression\":{\"Aggregation\":{\"Expression\":{\"Column\":{\"Expression\":{\"SourceRef\":{\"Entity\":\"Total Genre\"}},\"Property\":\"Max Revenue\"}},\"Function\":0}}}],\"activeProjections\":{\"Category\":[{\"Column\":{\"Expression\":{\"SourceRef\":{\"Entity\":\"Total Revenues\"}},\"Property\":\"Genre\"}}]}}},\"3ed681182c04398c8890\":{\"filters\":{\"byExpr\":[{\"type\":\"Advanced\",\"expression\":{\"Aggregation\":{\"Expression\":{\"Column\":{\"Expression\":{\"SourceRef\":{\"Entity\":\"Movie by rank\"}},\"Property\":\"Movies by Director\"}},\"Function\":0}},\"howCreated\":0}]},\"singleVisual\":{\"visualType\":\"card\",\"objects\":{},\"orderBy\":[{\"Direction\":2,\"Expression\":{\"Aggregation\":{\"Expression\":{\"Column\":{\"Expression\":{\"SourceRef\":{\"Entity\":\"Movie by rank\"}},\"Property\":\"Movies by Director\"}},\"Function\":0}}}]}},\"d23ddafd09b533562cec\":{\"filters\":{\"byExpr\":[{\"type\":\"Advanced\",\"expression\":{\"Aggregation\":{\"Expression\":{\"Column\":{\"Expression\":{\"SourceRef\":{\"Entity\":\"IMDB-Movie-Data\"}},\"Property\":\"Revenue (Millions)\"}},\"Function\":0}},\"howCreated\":0}]},\"singleVisual\":{\"visualType\":\"card\",\"objects\":{},\"orderBy\":[{\"Direction\":2,\"Expression\":{\"Aggregation\":{\"Expression\":{\"Column\":{\"Expression\":{\"SourceRef\":{\"Entity\":\"IMDB-Movie-Data\"}},\"Property\":\"Revenue (Millions)\"}},\"Function\":0}}}]}},\"fbb21d327d8a2e5c93d3\":{\"filters\":{\"byExpr\":[{\"type\":\"Advanced\",\"expression\":{\"Aggregation\":{\"Expression\":{\"Column\":{\"Expression\":{\"SourceRef\":{\"Entity\":\"IMDB-Movie-Data\"}},\"Property\":\"Runtime (Minutes)\"}},\"Function\":0}},\"howCreated\":0}]},\"singleVisual\":{\"visualType\":\"card\",\"objects\":{},\"orderBy\":[{\"Direction\":2,\"Expression\":{\"Aggregation\":{\"Expression\":{\"Column\":{\"Expression\":{\"SourceRef\":{\"Entity\":\"IMDB-Movie-Data\"}},\"Property\":\"Runtime (Minutes)\"}},\"Function\":0}}}]}},\"d0f0d2273a75bd6418d5\":{\"filters\":{\"byExpr\":[{\"type\":\"Advanced\",\"expression\":{\"Aggregation\":{\"Expression\":{\"Column\":{\"Expression\":{\"SourceRef\":{\"Entity\":\"IMDB-Movie-Data\"}},\"Property\":\"Votes\"}},\"Function\":0}},\"howCreated\":0}]},\"singleVisual\":{\"visualType\":\"card\",\"objects\":{},\"orderBy\":[{\"Direction\":2,\"Expression\":{\"Aggregation\":{\"Expression\":{\"Column\":{\"Expression\":{\"SourceRef\":{\"Entity\":\"IMDB-Movie-Data\"}},\"Property\":\"Votes\"}},\"Function\":0}}}]}},\"6a2069c750db1d95995e\":{\"singleVisual\":{\"visualType\":\"actionButton\",\"objects\":{}}}}}},\"objects\":{\"merge\":{\"outspacePane\":[{\"properties\":{\"expanded\":{\"expr\":{\"Literal\":{\"Value\":\"false\"}}}}}]}}},\"options\":{\"targetVisualNames\":[\"6a2069c750db1d95995e\"]}},{\"displayName\":\"Bookmark 2\",\"name\":\"Bookmark7c87b80a1a33918cea65\",\"explorationState\":{\"version\":\"1.3\",\"activeSection\":\"ReportSectiondcb0bd01b5af7d64db4c\",\"sections\":{\"ReportSectiondcb0bd01b5af7d64db4c\":{\"visualContainers\":{\"91912450ca78bee39e4b\":{\"filters\":{\"byExpr\":[{\"type\":\"Categorical\",\"expression\":{\"Column\":{\"Expression\":{\"SourceRef\":{\"Entity\":\"Total Genre\"}},\"Property\":\"Genre\"}},\"howCreated\":0},{\"type\":\"Advanced\",\"expression\":{\"Aggregation\":{\"Expression\":{\"Column\":{\"Expression\":{\"SourceRef\":{\"Entity\":\"IMDB-Movie-Data\"}},\"Property\":\"Votes\"}},\"Function\":1}},\"howCreated\":0},{\"type\":\"Advanced\",\"expression\":{\"Aggregation\":{\"Expression\":{\"Column\":{\"Expression\":{\"SourceRef\":{\"Entity\":\"IMDB-Movie-Data\"}},\"Property\":\"Rank\"}},\"Function\":5}},\"howCreated\":0}]},\"singleVisual\":{\"visualType\":\"lineChart\",\"objects\":{},\"orderBy\":[{\"Direction\":2,\"Expression\":{\"Aggregation\":{\"Expression\":{\"Column\":{\"Expression\":{\"SourceRef\":{\"Entity\":\"IMDB-Movie-Data\"}},\"Property\":\"Votes\"}},\"Function\":1}}}],\"activeProjections\":{\"Category\":[{\"Column\":{\"Expression\":{\"SourceRef\":{\"Entity\":\"Total Genre\"}},\"Property\":\"Genre\"}}]}}},\"2ba385717db94fe89f8a\":{\"filters\":{\"byExpr\":[{\"type\":\"Advanced\",\"expression\":{\"Aggregation\":{\"Expression\":{\"Column\":{\"Expression\":{\"SourceRef\":{\"Entity\":\"Movie by rank\"}},\"Property\":\"Movies by Director\"}},\"Function\":0}},\"howCreated\":0},{\"type\":\"Advanced\",\"expression\":{\"Aggregation\":{\"Expression\":{\"Column\":{\"Expression\":{\"SourceRef\":{\"Entity\":\"Total Genre\"}},\"Property\":\"Max Revenue\"}},\"Function\":0}},\"howCreated\":0},{\"type\":\"Advanced\",\"expression\":{\"Aggregation\":{\"Expression\":{\"Column\":{\"Expression\":{\"SourceRef\":{\"Entity\":\"Total Genre\"}},\"Property\":\"Max Metascore\"}},\"Function\":0}},\"howCreated\":0},{\"type\":\"Advanced\",\"expression\":{\"Aggregation\":{\"Expression\":{\"Column\":{\"Expression\":{\"SourceRef\":{\"Entity\":\"Total Revenues\"}},\"Property\":\"Total Metascore\"}},\"Function\":0}},\"howCreated\":0},{\"type\":\"Advanced\",\"expression\":{\"Aggregation\":{\"Expression\":{\"Column\":{\"Expression\":{\"SourceRef\":{\"Entity\":\"Total Revenues\"}},\"Property\":\"Total Votes\"}},\"Function\":0}},\"howCreated\":0},{\"type\":\"Advanced\",\"expression\":{\"Aggregation\":{\"Expression\":{\"Column\":{\"Expression\":{\"SourceRef\":{\"Entity\":\"Total Revenues\"}},\"Property\":\"Max Rating\"}},\"Function\":4}},\"howCreated\":0}]},\"singleVisual\":{\"visualType\":\"multiRowCard\",\"objects\":{},\"orderBy\":[{\"Direction\":2,\"Expression\":{\"Aggregation\":{\"Expression\":{\"Column\":{\"Expression\":{\"SourceRef\":{\"Entity\":\"Movie by rank\"}},\"Property\":\"Movies by Director\"}},\"Function\":0}}}]}},\"7c6dd5edd19f1e50388f\":{\"filters\":{\"byExpr\":[{\"type\":\"Advanced\",\"expression\":{\"Column\":{\"Expression\":{\"SourceRef\":{\"Entity\":\"Year\"}},\"Property\":\"Year\"}},\"howCreated\":0}]},\"singleVisual\":{\"visualType\":\"slicer\",\"objects\":{\"merge\":{\"data\":[{\"properties\":{\"mode\":{\"expr\":{\"Literal\":{\"Value\":\"'Between'\"}}}}}]}},\"activeProjections\":{\"Values\":[{\"Column\":{\"Expression\":{\"SourceRef\":{\"Entity\":\"Year\"}},\"Property\":\"Year\"}}]}}},\"2e6f75b6096e8dec4f42\":{\"filters\":{\"byExpr\":[{\"type\":\"Categorical\",\"expression\":{\"Column\":{\"Expression\":{\"SourceRef\":{\"Entity\":\"Total Revenues\"}},\"Property\":\"Genre\"}},\"howCreated\":0},{\"type\":\"Advanced\",\"expression\":{\"Aggregation\":{\"Expression\":{\"Column\":{\"Expression\":{\"SourceRef\":{\"Entity\":\"Total Genre\"}},\"Property\":\"Max Revenue\"}},\"Function\":0}},\"howCreated\":0},{\"type\":\"Advanced\",\"expression\":{\"Aggregation\":{\"Expression\":{\"Column\":{\"Expression\":{\"SourceRef\":{\"Entity\":\"Total Genre\"}},\"Property\":\"Average Revenue\"}},\"Function\":0}},\"howCreated\":0}]},\"singleVisual\":{\"visualType\":\"columnChart\",\"objects\":{},\"orderBy\":[{\"Direction\":2,\"Expression\":{\"Aggregation\":{\"Expression\":{\"Column\":{\"Expression\":{\"SourceRef\":{\"Entity\":\"Total Genre\"}},\"Property\":\"Max Revenue\"}},\"Function\":0}}}],\"activeProjections\":{\"Category\":[{\"Column\":{\"Expression\":{\"SourceRef\":{\"Entity\":\"Total Revenues\"}},\"Property\":\"Genre\"}}]}}},\"3ed681182c04398c8890\":{\"filters\":{\"byExpr\":[{\"type\":\"Advanced\",\"expression\":{\"Aggregation\":{\"Expression\":{\"Column\":{\"Expression\":{\"SourceRef\":{\"Entity\":\"Movie by rank\"}},\"Property\":\"Movies by Director\"}},\"Function\":0}},\"howCreated\":0}]},\"singleVisual\":{\"visualType\":\"card\",\"objects\":{},\"orderBy\":[{\"Direction\":2,\"Expression\":{\"Aggregation\":{\"Expression\":{\"Column\":{\"Expression\":{\"SourceRef\":{\"Entity\":\"Movie by rank\"}},\"Property\":\"Movies by Director\"}},\"Function\":0}}}]}},\"d23ddafd09b533562cec\":{\"filters\":{\"byExpr\":[{\"type\":\"Advanced\",\"expression\":{\"Aggregation\":{\"Expression\":{\"Column\":{\"Expression\":{\"SourceRef\":{\"Entity\":\"IMDB-Movie-Data\"}},\"Property\":\"Revenue (Millions)\"}},\"Function\":0}},\"howCreated\":0}]},\"singleVisual\":{\"visualType\":\"card\",\"objects\":{},\"orderBy\":[{\"Direction\":2,\"Expression\":{\"Aggregation\":{\"Expression\":{\"Column\":{\"Expression\":{\"SourceRef\":{\"Entity\":\"IMDB-Movie-Data\"}},\"Property\":\"Revenue (Millions)\"}},\"Function\":0}}}]}},\"fbb21d327d8a2e5c93d3\":{\"filters\":{\"byExpr\":[{\"type\":\"Advanced\",\"expression\":{\"Aggregation\":{\"Expression\":{\"Column\":{\"Expression\":{\"SourceRef\":{\"Entity\":\"IMDB-Movie-Data\"}},\"Property\":\"Runtime (Minutes)\"}},\"Function\":0}},\"howCreated\":0}]},\"singleVisual\":{\"visualType\":\"card\",\"objects\":{},\"orderBy\":[{\"Direction\":2,\"Expression\":{\"Aggregation\":{\"Expression\":{\"Column\":{\"Expression\":{\"SourceRef\":{\"Entity\":\"IMDB-Movie-Data\"}},\"Property\":\"Runtime (Minutes)\"}},\"Function\":0}}}]}},\"d0f0d2273a75bd6418d5\":{\"filters\":{\"byExpr\":[{\"type\":\"Advanced\",\"expression\":{\"Aggregation\":{\"Expression\":{\"Column\":{\"Expression\":{\"SourceRef\":{\"Entity\":\"IMDB-Movie-Data\"}},\"Property\":\"Votes\"}},\"Function\":0}},\"howCreated\":0}]},\"singleVisual\":{\"visualType\":\"card\",\"objects\":{},\"orderBy\":[{\"Direction\":2,\"Expression\":{\"Aggregation\":{\"Expression\":{\"Column\":{\"Expression\":{\"SourceRef\":{\"Entity\":\"IMDB-Movie-Data\"}},\"Property\":\"Votes\"}},\"Function\":0}}}]}},\"6a2069c750db1d95995e\":{\"singleVisual\":{\"visualType\":\"actionButton\",\"objects\":{}}}}}},\"objects\":{\"merge\":{\"outspacePane\":[{\"properties\":{\"expanded\":{\"expr\":{\"Literal\":{\"Value\":\"false\"}}}}}]}}},\"options\":{\"targetVisualNames\":[]}}],\"defaultDrillFilterOtherVisuals\":true,\"linguisticSchemaSyncVersion\":2,\"settings\":{\"useNewFilterPaneExperience\":true,\"allowChangeFilterTypes\":true,\"useStylableVisualContainerHeader\":true,\"queryLimitOption\":6,\"exportDataMode\":1,\"useDefaultAggregateDisplayName\":true},\"objects\":{\"section\":[{\"properties\":{\"verticalAlignment\":{\"expr\":{\"Literal\":{\"Value\":\"'Top'\"}}}}}],\"outspacePane\":[{\"properties\":{\"expanded\":{\"expr\":{\"Literal\":{\"Value\":\"false\"}}}}}]}}",
  "layoutOptimization": 0,
  "resourcePackages": [
    {
      "resourcePackage": {
        "disabled": false,
        "items": [
          {
            "name": "Bgg2780602335714504.jpg",
            "path": "Bgg2780602335714504.jpg",
            "type": 100
          },
          {
            "name": "bggg0020661604627101315.jpg",
            "path": "bggg0020661604627101315.jpg",
            "type": 100
          }
        ],
        "name": "RegisteredResources",
        "type": 1
      }
    },
    {
      "resourcePackage": {
        "disabled": false,
        "items": [
          {
            "name": "CY23SU08",
            "path": "BaseThemes/CY23SU08.json",
            "type": 202
          }
        ],
        "name": "SharedResources",
        "type": 2
      }
    }
  ],
  "sections": [
    {
      "config": "{\"objects\":{\"background\":[{\"properties\":{\"image\":{\"image\":{\"name\":{\"expr\":{\"Literal\":{\"Value\":\"'Bgg.jpg'\"}}},\"url\":{\"expr\":{\"ResourcePackageItem\":{\"PackageName\":\"RegisteredResources\",\"PackageType\":1,\"ItemName\":\"Bgg2780602335714504.jpg\"}}},\"scaling\":{\"expr\":{\"Literal\":{\"Value\":\"'Normal'\"}}}}},\"transparency\":{\"expr\":{\"Literal\":{\"Value\":\"0D\"}}}}}]}}",
      "displayName": "First",
      "displayOption": 1,
      "filters": "[]",
      "height": 720.00,
      "name": "ReportSectionab68e56c40c91581e865",
      "visualContainers": [
        {
          "config": "{\"name\":\"01052a9bd9fe65abf64c\",\"layouts\":[{\"id\":0,\"position\":{\"x\":506.5326633165829,\"y\":173.6683417085427,\"z\":9000,\"width\":265.32663316582915,\"height\":178.49246231155777,\"tabOrder\":9000}}],\"singleVisual\":{\"visualType\":\"slicer\",\"projections\":{\"Values\":[{\"queryRef\":\"Total Revenues.Genre\",\"active\":true}]},\"prototypeQuery\":{\"Version\":2,\"From\":[{\"Name\":\"t\",\"Entity\":\"Total Revenues\",\"Type\":0}],\"Select\":[{\"Column\":{\"Expression\":{\"SourceRef\":{\"Source\":\"t\"}},\"Property\":\"Genre\"},\"Name\":\"Total Revenues.Genre\",\"NativeReferenceName\":\"Genre\"}]},\"drillFilterOtherVisuals\":true,\"objects\":{\"data\":[{\"properties\":{\"mode\":{\"expr\":{\"Literal\":{\"Value\":\"'Basic'\"}}}}}],\"general\":[{\"properties\":{\"orientation\":{\"expr\":{\"Literal\":{\"Value\":\"1D\"}}}}}],\"items\":[{\"properties\":{\"textSize\":{\"expr\":{\"Literal\":{\"Value\":\"8D\"}}},\"background\":{\"solid\":{\"color\":{\"expr\":{\"Literal\":{\"Value\":\"'#E5E5E5'\"}}}}},\"fontColor\":{\"solid\":{\"color\":{\"expr\":{\"Literal\":{\"Value\":\"'#000000'\"}}}}}}}],\"selection\":[{\"properties\":{\"singleSelect\":{\"expr\":{\"Literal\":{\"Value\":\"true\"}}}}}],\"pendingChangesIcon\":[{\"properties\":{\"transparency\":{\"expr\":{\"Literal\":{\"Value\":\"100D\"}}}}}]},\"vcObjects\":{\"background\":[{\"properties\":{\"transparency\":{\"expr\":{\"Literal\":{\"Value\":\"100D\"}}}}}],\"dropShadow\":[{\"properties\":{\"show\":{\"expr\":{\"Literal\":{\"Value\":\"false\"}}}}}],\"title\":[{\"properties\":{\"show\":{\"expr\":{\"Literal\":{\"Value\":\"false\"}}}}}]}}}",
          "filters": "[]",
          "height": 178.49,
          "width": 265.33,
          "x": 506.53,
          "y": 173.67,
          "z": 9000.00
        },
        {
          "config": "{\"name\":\"0e93ac3efe0c07d32fd4\",\"layouts\":[{\"id\":0,\"position\":{\"x\":724.2422494103273,\"y\":392.0082808708489,\"z\":1000,\"width\":494.8757020922774,\"height\":304.43196280395716,\"tabOrder\":1000}}],\"singleVisual\":{\"visualType\":\"lineClusteredColumnComboChart\",\"projections\":{\"Category\":[{\"queryRef\":\"Total Genre.Genre\",\"active\":true}],\"Y2\":[{\"queryRef\":\"Sum(Total Genre.Average Revenue)\"}],\"Y\":[{\"queryRef\":\"Sum(Total Genre.Average Runtime)\"}]},\"prototypeQuery\":{\"Version\":2,\"From\":[{\"Name\":\"t\",\"Entity\":\"Total Genre\",\"Type\":0}],\"Select\":[{\"Column\":{\"Expression\":{\"SourceRef\":{\"Source\":\"t\"}},\"Property\":\"Genre\"},\"Name\":\"Total Genre.Genre\",\"NativeReferenceName\":\"Genre\"},{\"Aggregation\":{\"Expression\":{\"Column\":{\"Expression\":{\"SourceRef\":{\"Source\":\"t\"}},\"Property\":\"Average Revenue\"}},\"Function\":0},\"Name\":\"Sum(Total Genre.Average Revenue)\",\"NativeReferenceName\":\"Sum of Average Revenue\"},{\"Aggregation\":{\"Expression\":{\"Column\":{\"Expression\":{\"SourceRef\":{\"Source\":\"t\"}},\"Property\":\"Average Runtime\"}},\"Function\":0},\"Name\":\"Sum(Total Genre.Average Runtime)\",\"NativeReferenceName\":\"Sum of Average Runtime\"}],\"OrderBy\":[{\"Direction\":2,\"Expression\":{\"Aggregation\":{\"Expression\":{\"Column\":{\"Expression\":{\"SourceRef\":{\"Source\":\"t\"}},\"Property\":\"Average Runtime\"}},\"Function\":0}}}]},\"drillFilterOtherVisuals\":true,\"hasDefaultSort\":true,\"objects\":{\"lineStyles\":[{\"properties\":{\"showMarker\":{\"expr\":{\"Literal\":{\"Value\":\"false\"}}}}}],\"labels\":[{\"properties\":{\"show\":{\"expr\":{\"Literal\":{\"Value\":\"false\"}}}}}],\"seriesLabels\":[{\"properties\":{\"show\":{\"expr\":{\"Literal\":{\"Value\":\"false\"}}}}}],\"dataPoint\":[{\"properties\":{\"fill\":{\"solid\":{\"color\":{\"expr\":{\"ThemeDataColor\":{\"ColorId\":4,\"Percent\":0}}}}}}}]},\"vcObjects\":{\"background\":[{\"properties\":{\"transparency\":{\"expr\":{\"Literal\":{\"Value\":\"100D\"}}}}}],\"title\":[{\"properties\":{\"fontFamily\":{\"expr\":{\"Literal\":{\"Value\":\"'''Segoe UI Semibold'', wf_segoe-ui_semibold, helvetica, arial, sans-serif'\"}}},\"text\":{\"expr\":{\"Literal\":{\"Value\":\"'Sum of  Runtime and Revenue by Genre'\"}}}}}]}}}",
          "filters": "[]",
          "height": 304.43,
          "width": 494.88,
          "x": 724.24,
          "y": 392.01,
          "z": 1000.00
        },
        {
          "config": "{\"name\":\"27d4dff52a6ef6c19afc\",\"layouts\":[{\"id\":0,\"position\":{\"x\":651.2562814070351,\"y\":13.266331658291456,\"z\":5000,\"width\":170.0502512562814,\"height\":94.07035175879396,\"tabOrder\":5000}}],\"singleVisual\":{\"visualType\":\"card\",\"projections\":{\"Values\":[{\"queryRef\":\"Sum(Total Genre.Average Runtime)\"}]},\"prototypeQuery\":{\"Version\":2,\"From\":[{\"Name\":\"t\",\"Entity\":\"Total Genre\",\"Type\":0}],\"Select\":[{\"Aggregation\":{\"Expression\":{\"Column\":{\"Expression\":{\"SourceRef\":{\"Source\":\"t\"}},\"Property\":\"Average Runtime\"}},\"Function\":0},\"Name\":\"Sum(Total Genre.Average Runtime)\",\"NativeReferenceName\":\"Sum of Average Runtime\"}],\"OrderBy\":[{\"Direction\":2,\"Expression\":{\"Aggregation\":{\"Expression\":{\"Column\":{\"Expression\":{\"SourceRef\":{\"Source\":\"t\"}},\"Property\":\"Average Runtime\"}},\"Function\":0}}}]},\"drillFilterOtherVisuals\":true,\"hasDefaultSort\":true,\"objects\":{\"labels\":[{\"properties\":{\"fontSize\":{\"expr\":{\"Literal\":{\"Value\":\"35D\"}}},\"fontFamily\":{\"expr\":{\"Literal\":{\"Value\":\"'''Segoe UI Semibold'', wf_segoe-ui_semibold, helvetica, arial, sans-serif'\"}}}}}],\"categoryLabels\":[{\"properties\":{\"fontFamily\":{\"expr\":{\"Literal\":{\"Value\":\"'''Segoe UI Bold'', wf_segoe-ui_bold, helvetica, arial, sans-serif'\"}}},\"fontSize\":{\"expr\":{\"Literal\":{\"Value\":\"9D\"}}}}}]},\"vcObjects\":{\"background\":[{\"properties\":{\"transparency\":{\"expr\":{\"Literal\":{\"Value\":\"100D\"}}}}}]}}}",
          "filters": "[]",
          "height": 94.07,
          "width": 170.05,
          "x": 651.26,
          "y": 13.27,
          "z": 5000.00
        },
        {
          "config": "{\"name\":\"4cb791d65c78ec12a19b\",\"layouts\":[{\"id\":0,\"position\":{\"x\":69.94974874371859,\"y\":394.3718592964824,\"z\":0,\"width\":504.12060301507535,\"height\":303.91959798994975,\"tabOrder\":0}}],\"singleVisual\":{\"visualType\":\"lineStackedColumnComboChart\",\"projections\":{\"Y2\":[{\"queryRef\":\"Sum(IMDB-Movie-Data.Rank)\"}],\"Y\":[{\"queryRef\":\"Sum(IMDB-Movie-Data.Rating)\"}],\"Category\":[{\"queryRef\":\"IMDB-Movie-Data.Genre\",\"active\":true}],\"Tooltips\":[{\"queryRef\":\"Sum(IMDB-Movie-Data.Runtime (Minutes))\"}]},\"prototypeQuery\":{\"Version\":2,\"From\":[{\"Name\":\"i\",\"Entity\":\"IMDB-Movie-Data\",\"Type\":0}],\"Select\":[{\"Aggregation\":{\"Expression\":{\"Column\":{\"Expression\":{\"SourceRef\":{\"Source\":\"i\"}},\"Property\":\"Rank\"}},\"Function\":0},\"Name\":\"Sum(IMDB-Movie-Data.Rank)\",\"NativeReferenceName\":\"Sum of Rank\"},{\"Aggregation\":{\"Expression\":{\"Column\":{\"Expression\":{\"SourceRef\":{\"Source\":\"i\"}},\"Property\":\"Rating\"}},\"Function\":5},\"Name\":\"Sum(IMDB-Movie-Data.Rating)\",\"NativeReferenceName\":\"Count of Rating\"},{\"Column\":{\"Expression\":{\"SourceRef\":{\"Source\":\"i\"}},\"Property\":\"Genre\"},\"Name\":\"IMDB-Movie-Data.Genre\",\"NativeReferenceName\":\"Genre\"},{\"Aggregation\":{\"Expression\":{\"Column\":{\"Expression\":{\"SourceRef\":{\"Source\":\"i\"}},\"Property\":\"Runtime (Minutes)\"}},\"Function\":5},\"Name\":\"Sum(IMDB-Movie-Data.Runtime (Minutes))\",\"NativeReferenceName\":\"Count of Runtime (Minutes)\"}],\"OrderBy\":[{\"Direction\":2,\"Expression\":{\"Aggregation\":{\"Expression\":{\"Column\":{\"Expression\":{\"SourceRef\":{\"Source\":\"i\"}},\"Property\":\"Rating\"}},\"Function\":5}}}]},\"drillFilterOtherVisuals\":true,\"hasDefaultSort\":true,\"objects\":{\"dataPoint\":[{\"properties\":{\"fill\":{\"solid\":{\"color\":{\"expr\":{\"ThemeDataColor\":{\"ColorId\":4,\"Percent\":0}}}}}}}]},\"vcObjects\":{\"background\":[{\"properties\":{\"transparency\":{\"expr\":{\"Literal\":{\"Value\":\"100D\"}}}}}],\"title\":[{\"properties\":{\"text\":{\"expr\":{\"Literal\":{\"Value\":\"'Count of Rating & Sum of Rank  by Genre'\"}}},\"fontFamily\":{\"expr\":{\"Literal\":{\"Value\":\"'''Segoe UI Semibold'', wf_segoe-ui_semibold, helvetica, arial, sans-serif'\"}}}}}]}}}",
          "filters": "[]",
          "height": 303.92,
          "width": 504.12,
          "x": 69.95,
          "y": 394.37,
          "z": 0.00
        },
        {
          "config": "{\"name\":\"7a0abb92376ffa4f9e02\",\"layouts\":[{\"id\":0,\"position\":{\"x\":446.23115577889445,\"y\":13.266331658291456,\"z\":6000,\"width\":168.84422110552762,\"height\":96.4824120603015,\"tabOrder\":6000}}],\"singleVisual\":{\"visualType\":\"card\",\"projections\":{\"Values\":[{\"queryRef\":\"Sum(Total Revenues.Total Revenue)\"}]},\"prototypeQuery\":{\"Version\":2,\"From\":[{\"Name\":\"t\",\"Entity\":\"Total Revenues\",\"Type\":0}],\"Select\":[{\"Aggregation\":{\"Expression\":{\"Column\":{\"Expression\":{\"SourceRef\":{\"Source\":\"t\"}},\"Property\":\"Total Revenue\"}},\"Function\":0},\"Name\":\"Sum(Total Revenues.Total Revenue)\",\"NativeReferenceName\":\"Sum of Total Revenue\"}],\"OrderBy\":[{\"Direction\":2,\"Expression\":{\"Aggregation\":{\"Expression\":{\"Column\":{\"Expression\":{\"SourceRef\":{\"Source\":\"t\"}},\"Property\":\"Total Revenue\"}},\"Function\":0}}}]},\"drillFilterOtherVisuals\":true,\"hasDefaultSort\":true,\"objects\":{\"categoryLabels\":[{\"properties\":{\"fontFamily\":{\"expr\":{\"Literal\":{\"Value\":\"'''Segoe UI Bold'', wf_segoe-ui_bold, helvetica, arial, sans-serif'\"}}},\"fontSize\":{\"expr\":{\"Literal\":{\"Value\":\"9D\"}}}}}],\"labels\":[{\"properties\":{\"fontSize\":{\"expr\":{\"Literal\":{\"Value\":\"34D\"}}},\"fontFamily\":{\"expr\":{\"Literal\":{\"Value\":\"'''Segoe UI Semibold'', wf_segoe-ui_semibold, helvetica, arial, sans-serif'\"}}}}}]},\"vcObjects\":{\"background\":[{\"properties\":{\"transparency\":{\"expr\":{\"Literal\":{\"Value\":\"100D\"}}}}}]}}}",
          "filters": "[]",
          "height": 96.48,
          "width": 168.84,
          "x": 446.23,
          "y": 13.27,
          "z": 6000.00
        },
        {
          "config": "{\"name\":\"99ecfbffc7a7c859ed03\",\"layouts\":[{\"id\":0,\"position\":{\"x\":1009.4472361809045,\"y\":177.286432160804,\"z\":3000,\"width\":177.286432160804,\"height\":170.0502512562814,\"tabOrder\":3000}}],\"singleVisual\":{\"visualType\":\"tableEx\",\"projections\":{\"Values\":[{\"queryRef\":\"Total Genre.Genre\"},{\"queryRef\":\"Max(Total Revenues.Max Rating)\"}]},\"prototypeQuery\":{\"Version\":2,\"From\":[{\"Name\":\"t\",\"Entity\":\"Total Genre\",\"Type\":0},{\"Name\":\"t1\",\"Entity\":\"Total Revenues\",\"Type\":0}],\"Select\":[{\"Column\":{\"Expression\":{\"SourceRef\":{\"Source\":\"t\"}},\"Property\":\"Genre\"},\"Name\":\"Total Genre.Genre\",\"NativeReferenceName\":\"Genre\"},{\"Column\":{\"Expression\":{\"SourceRef\":{\"Source\":\"t1\"}},\"Property\":\"Max Rating\"},\"Name\":\"Max(Total Revenues.Max Rating)\",\"NativeReferenceName\":\"Max Rating\"}],\"OrderBy\":[{\"Direction\":2,\"Expression\":{\"Column\":{\"Expression\":{\"SourceRef\":{\"Source\":\"t\"}},\"Property\":\"Genre\"}}}]},\"drillFilterOtherVisuals\":true,\"objects\":{\"columnHeaders\":[{\"properties\":{\"wordWrap\":{\"expr\":{\"Literal\":{\"Value\":\"true\"}}},\"fontFamily\":{\"expr\":{\"Literal\":{\"Value\":\"'''Segoe UI Semibold'', wf_segoe-ui_semibold, helvetica, arial, sans-serif'\"}}}}}],\"values\":[{\"properties\":{},\"selector\":{\"data\":[{\"dataViewWildcard\":{\"matchingOption\":1}}],\"metadata\":\"Total Genre.Genre\"}},{\"properties\":{}}],\"grid\":[{\"properties\":{\"gridHorizontalColor\":{\"solid\":{\"color\":{\"expr\":{\"Literal\":{\"Value\":\"'#000000'\"}}}}}}}]},\"vcObjects\":{\"background\":[{\"properties\":{\"transparency\":{\"expr\":{\"Literal\":{\"Value\":\"100D\"}}},\"show\":{\"expr\":{\"Literal\":{\"Value\":\"true\"}}}}}],\"visualHeader\":[{\"properties\":{\"show\":{\"expr\":{\"Literal\":{\"Value\":\"true\"}}}}}],\"title\":[{\"properties\":{\"show\":{\"expr\":{\"Literal\":{\"Value\":\"false\"}}}}}],\"stylePreset\":[{\"properties\":{\"name\":{\"expr\":{\"Literal\":{\"Value\":\"'None'\"}}}}}]}}}",
          "filters": "[]",
          "height": 170.05,
          "width": 177.29,
          "x": 1009.45,
          "y": 177.29,
          "z": 3000.00
        },
        {
          "config": "{\"name\":\"a85b9030d2008fadfbdc\",\"layouts\":[{\"id\":0,\"position\":{\"x\":853.8693467336683,\"y\":15.678391959798994,\"z\":4000,\"width\":171.25628140703517,\"height\":94.07035175879396,\"tabOrder\":4000}}],\"singleVisual\":{\"visualType\":\"card\",\"projections\":{\"Values\":[{\"queryRef\":\"Sum(Total Genre.Average Revenue)\"}]},\"prototypeQuery\":{\"Version\":2,\"From\":[{\"Name\":\"t\",\"Entity\":\"Total Genre\",\"Type\":0}],\"Select\":[{\"Aggregation\":{\"Expression\":{\"Column\":{\"Expression\":{\"SourceRef\":{\"Source\":\"t\"}},\"Property\":\"Average Revenue\"}},\"Function\":0},\"Name\":\"Sum(Total Genre.Average Revenue)\",\"NativeReferenceName\":\"Sum of Average Revenue\"}],\"OrderBy\":[{\"Direction\":2,\"Expression\":{\"Aggregation\":{\"Expression\":{\"Column\":{\"Expression\":{\"SourceRef\":{\"Source\":\"t\"}},\"Property\":\"Average Revenue\"}},\"Function\":0}}}]},\"drillFilterOtherVisuals\":true,\"hasDefaultSort\":true,\"objects\":{\"categoryLabels\":[{\"properties\":{\"fontSize\":{\"expr\":{\"Literal\":{\"Value\":\"9D\"}}},\"fontFamily\":{\"expr\":{\"Literal\":{\"Value\":\"'''Segoe UI Bold'', wf_segoe-ui_bold, helvetica, arial, sans-serif'\"}}}}}],\"labels\":[{\"properties\":{\"fontFamily\":{\"expr\":{\"Literal\":{\"Value\":\"'''Segoe UI Semibold'', wf_segoe-ui_semibold, helvetica, arial, sans-serif'\"}}},\"fontSize\":{\"expr\":{\"Literal\":{\"Value\":\"35D\"}}}}}]},\"vcObjects\":{\"background\":[{\"properties\":{\"transparency\":{\"expr\":{\"Literal\":{\"Value\":\"100D\"}}}}}]}}}",
          "filters": "[]",
          "height": 94.07,
          "width": 171.26,
          "x": 853.87,
          "y": 15.68,
          "z": 4000.00
        },
        {
          "config": "{\"name\":\"b053ca9135aff54193c3\",\"layouts\":[{\"id\":0,\"position\":{\"x\":54.27135678391959,\"y\":109.74874371859296,\"z\":8000,\"width\":121.80904522613065,\"height\":39.79899497487437,\"tabOrder\":8000}}],\"singleVisual\":{\"visualType\":\"actionButton\",\"drillFilterOtherVisuals\":true,\"objects\":{\"icon\":[{\"properties\":{\"shapeType\":{\"expr\":{\"Literal\":{\"Value\":\"'blank'\"}}}},\"selector\":{\"id\":\"default\"}}],\"text\":[{\"properties\":{\"text\":{\"expr\":{\"Literal\":{\"Value\":\"'Click to see Next'\"}}},\"fontColor\":{\"solid\":{\"color\":{\"expr\":{\"Literal\":{\"Value\":\"'#ffffff'\"}}}}}},\"selector\":{\"id\":\"default\"}},{\"properties\":{\"show\":{\"expr\":{\"Literal\":{\"Value\":\"true\"}}}}}],\"outline\":[{\"properties\":{\"show\":{\"expr\":{\"Literal\":{\"Value\":\"false\"}}}}}]},\"vcObjects\":{\"visualLink\":[{\"properties\":{\"show\":{\"expr\":{\"Literal\":{\"Value\":\"true\"}}},\"type\":{\"expr\":{\"Literal\":{\"Value\":\"'PageNavigation'\"}}},\"navigationSection\":{\"expr\":{\"Literal\":{\"Value\":\"'ReportSectiondcb0bd01b5af7d64db4c'\"}}}}}]}}}",
          "filters": "[]",
          "height": 39.80,
          "width": 121.81,
          "x": 54.27,
          "y": 109.75,
          "z": 8000.00
        },
        {
          "config": "{\"name\":\"c787bdb5ac2af8a24871\",\"layouts\":[{\"id\":0,\"position\":{\"x\":97.68844221105527,\"y\":182.11055276381907,\"z\":2000,\"width\":177.286432160804,\"height\":170.0502512562814,\"tabOrder\":2000}}],\"singleVisual\":{\"visualType\":\"tableEx\",\"projections\":{\"Values\":[{\"queryRef\":\"Total Genre.Genre\"},{\"queryRef\":\"Year.Year\"},{\"queryRef\":\"Sum(IMDB-Movie-Data.Rank)\"}]},\"prototypeQuery\":{\"Version\":2,\"From\":[{\"Name\":\"t\",\"Entity\":\"Total Genre\",\"Type\":0},{\"Name\":\"y\",\"Entity\":\"Year\",\"Type\":0},{\"Name\":\"i\",\"Entity\":\"IMDB-Movie-Data\",\"Type\":0}],\"Select\":[{\"Column\":{\"Expression\":{\"SourceRef\":{\"Source\":\"t\"}},\"Property\":\"Genre\"},\"Name\":\"Total Genre.Genre\",\"NativeReferenceName\":\"Genre\"},{\"Column\":{\"Expression\":{\"SourceRef\":{\"Source\":\"y\"}},\"Property\":\"Year\"},\"Name\":\"Year.Year\",\"NativeReferenceName\":\"Year\"},{\"Column\":{\"Expression\":{\"SourceRef\":{\"Source\":\"i\"}},\"Property\":\"Rank\"},\"Name\":\"Sum(IMDB-Movie-Data.Rank)\",\"NativeReferenceName\":\"Rank\"}],\"OrderBy\":[{\"Direction\":1,\"Expression\":{\"Column\":{\"Expression\":{\"SourceRef\":{\"Source\":\"i\"}},\"Property\":\"Rank\"}}}]},\"drillFilterOtherVisuals\":true,\"objects\":{\"columnHeaders\":[{\"properties\":{\"fontFamily\":{\"expr\":{\"Literal\":{\"Value\":\"'''Segoe UI Semibold'', wf_segoe-ui_semibold, helvetica, arial, sans-serif'\"}}}}}],\"values\":[{\"properties\":{\"wordWrap\":{\"expr\":{\"Literal\":{\"Value\":\"true\"}}}}}],\"grid\":[{\"properties\":{\"gridHorizontalColor\":{\"solid\":{\"color\":{\"expr\":{\"Literal\":{\"Value\":\"'#000000'\"}}}}}}}]},\"vcObjects\":{\"background\":[{\"properties\":{\"transparency\":{\"expr\":{\"Literal\":{\"Value\":\"100D\"}}},\"show\":{\"expr\":{\"Literal\":{\"Value\":\"false\"}}}}}],\"stylePreset\":[{\"properties\":{\"name\":{\"expr\":{\"Literal\":{\"Value\":\"'None'\"}}}}}]}}}",
          "filters": "[]",
          "height": 170.05,
          "width": 177.29,
          "x": 97.69,
          "y": 182.11,
          "z": 2000.00
        },
        {
          "config": "{\"name\":\"dd98fca20f0a76ea0f40\",\"layouts\":[{\"id\":0,\"position\":{\"x\":1050.4522613065326,\"y\":14.472361809045225,\"z\":7000,\"width\":168.84422110552762,\"height\":94.07035175879396,\"tabOrder\":7000}}],\"singleVisual\":{\"visualType\":\"card\",\"projections\":{\"Values\":[{\"queryRef\":\"Sum(Total Genre.Max Revenue)\"}]},\"prototypeQuery\":{\"Version\":2,\"From\":[{\"Name\":\"t\",\"Entity\":\"Total Genre\",\"Type\":0}],\"Select\":[{\"Aggregation\":{\"Expression\":{\"Column\":{\"Expression\":{\"SourceRef\":{\"Source\":\"t\"}},\"Property\":\"Max Revenue\"}},\"Function\":0},\"Name\":\"Sum(Total Genre.Max Revenue)\",\"NativeReferenceName\":\"Sum of Max Revenue\"}],\"OrderBy\":[{\"Direction\":2,\"Expression\":{\"Aggregation\":{\"Expression\":{\"Column\":{\"Expression\":{\"SourceRef\":{\"Source\":\"t\"}},\"Property\":\"Max Revenue\"}},\"Function\":0}}}]},\"drillFilterOtherVisuals\":true,\"hasDefaultSort\":true,\"objects\":{\"categoryLabels\":[{\"properties\":{\"fontSize\":{\"expr\":{\"Literal\":{\"Value\":\"9D\"}}},\"fontFamily\":{\"expr\":{\"Literal\":{\"Value\":\"'''Segoe UI Bold'', wf_segoe-ui_bold, helvetica, arial, sans-serif'\"}}}}}],\"labels\":[{\"properties\":{\"fontFamily\":{\"expr\":{\"Literal\":{\"Value\":\"'''Segoe UI Semibold'', wf_segoe-ui_semibold, helvetica, arial, sans-serif'\"}}},\"fontSize\":{\"expr\":{\"Literal\":{\"Value\":\"35D\"}}}}}]},\"vcObjects\":{\"background\":[{\"properties\":{\"transparency\":{\"expr\":{\"Literal\":{\"Value\":\"100D\"}}}}}]}}}",
          "filters": "[]",
          "height": 94.07,
          "width": 168.84,
          "x": 1050.45,
          "y": 14.47,
          "z": 7000.00
        }
      ],
      "width": 1280.00
    },
    {
      "config": "{\"objects\":{\"background\":[{\"properties\":{\"image\":{\"image\":{\"name\":{\"expr\":{\"Literal\":{\"Value\":\"'bggg.jpg'\"}}},\"url\":{\"expr\":{\"ResourcePackageItem\":{\"PackageName\":\"RegisteredResources\",\"PackageType\":1,\"ItemName\":\"bggg0020661604627101315.jpg\"}}},\"scaling\":{\"expr\":{\"Literal\":{\"Value\":\"'Normal'\"}}}}},\"transparency\":{\"expr\":{\"Literal\":{\"Value\":\"0D\"}}}}}],\"outspacePane\":[{\"properties\":{\"foregroundColor\":{\"solid\":{\"color\":{\"expr\":{\"ThemeDataColor\":{\"ColorId\":1,\"Percent\":0}}}}},\"transparency\":{\"expr\":{\"Literal\":{\"Value\":\"0D\"}}}}}]},\"visibility\":1}",
      "displayName": "Second",
      "displayOption": 1,
      "filters": "[]",
      "height": 720.00,
      "name": "ReportSectiondcb0bd01b5af7d64db4c",
      "ordinal": 1,
      "visualContainers": [
        {
          "config": "{\"name\":\"2ba385717db94fe89f8a\",\"layouts\":[{\"id\":0,\"position\":{\"x\":730.8542713567839,\"y\":194.17085427135677,\"z\":1000,\"width\":481.20603015075375,\"height\":147.1356783919598,\"tabOrder\":1000}}],\"singleVisual\":{\"visualType\":\"multiRowCard\",\"projections\":{\"Values\":[{\"queryRef\":\"Sum(Movie by rank.Movies by Director)\"},{\"queryRef\":\"Sum(Total Genre.Max Revenue)\"},{\"queryRef\":\"Sum(Total Genre.Max Metascore)\"},{\"queryRef\":\"Sum(Total Revenues.Total Metascore)\"},{\"queryRef\":\"Sum(Total Revenues.Total Votes)\"},{\"queryRef\":\"Max(Total Revenues.Max Rating)\"}]},\"prototypeQuery\":{\"Version\":2,\"From\":[{\"Name\":\"m\",\"Entity\":\"Movie by rank\",\"Type\":0},{\"Name\":\"t\",\"Entity\":\"Total Genre\",\"Type\":0},{\"Name\":\"t1\",\"Entity\":\"Total Revenues\",\"Type\":0}],\"Select\":[{\"Aggregation\":{\"Expression\":{\"Column\":{\"Expression\":{\"SourceRef\":{\"Source\":\"m\"}},\"Property\":\"Movies by Director\"}},\"Function\":0},\"Name\":\"Sum(Movie by rank.Movies by Director)\",\"NativeReferenceName\":\"Sum of Movies by Director\"},{\"Aggregation\":{\"Expression\":{\"Column\":{\"Expression\":{\"SourceRef\":{\"Source\":\"t\"}},\"Property\":\"Max Revenue\"}},\"Function\":4},\"Name\":\"Sum(Total Genre.Max Revenue)\",\"NativeReferenceName\":\"Max of Max Revenue\"},{\"Aggregation\":{\"Expression\":{\"Column\":{\"Expression\":{\"SourceRef\":{\"Source\":\"t\"}},\"Property\":\"Max Metascore\"}},\"Function\":1},\"Name\":\"Sum(Total Genre.Max Metascore)\",\"NativeReferenceName\":\"Average of Max Metascore\"},{\"Aggregation\":{\"Expression\":{\"Column\":{\"Expression\":{\"SourceRef\":{\"Source\":\"t1\"}},\"Property\":\"Total Metascore\"}},\"Function\":0},\"Name\":\"Sum(Total Revenues.Total Metascore)\",\"NativeReferenceName\":\"Sum of Total Metascore\"},{\"Aggregation\":{\"Expression\":{\"Column\":{\"Expression\":{\"SourceRef\":{\"Source\":\"t1\"}},\"Property\":\"Total Votes\"}},\"Function\":5},\"Name\":\"Sum(Total Revenues.Total Votes)\",\"NativeReferenceName\":\"Count of Total Votes\"},{\"Aggregation\":{\"Expression\":{\"Column\":{\"Expression\":{\"SourceRef\":{\"Source\":\"t1\"}},\"Property\":\"Max Rating\"}},\"Function\":4},\"Name\":\"Max(Total Revenues.Max Rating)\",\"NativeReferenceName\":\"Max of Max Rating\"}],\"OrderBy\":[{\"Direction\":2,\"Expression\":{\"Aggregation\":{\"Expression\":{\"Column\":{\"Expression\":{\"SourceRef\":{\"Source\":\"m\"}},\"Property\":\"Movies by Director\"}},\"Function\":0}}}]},\"drillFilterOtherVisuals\":true,\"hasDefaultSort\":true,\"objects\":{\"dataLabels\":[{\"properties\":{\"color\":{\"solid\":{\"color\":{\"expr\":{\"ThemeDataColor\":{\"ColorId\":1,\"Percent\":0}}}}},\"fontFamily\":{\"expr\":{\"Literal\":{\"Value\":\"'''Segoe UI Semibold'', wf_segoe-ui_semibold, helvetica, arial, sans-serif'\"}}},\"fontSize\":{\"expr\":{\"Literal\":{\"Value\":\"19D\"}}}}}],\"categoryLabels\":[{\"properties\":{\"fontFamily\":{\"expr\":{\"Literal\":{\"Value\":\"'''Segoe UI Semibold'', wf_segoe-ui_semibold, helvetica, arial, sans-serif'\"}}},\"show\":{\"expr\":{\"Literal\":{\"Value\":\"true\"}}},\"fontSize\":{\"expr\":{\"Literal\":{\"Value\":\"10D\"}}}}}],\"card\":[{\"properties\":{\"outlineStyle\":{\"expr\":{\"Literal\":{\"Value\":\"0D\"}}},\"barShow\":{\"expr\":{\"Literal\":{\"Value\":\"false\"}}}}}]},\"vcObjects\":{\"background\":[{\"properties\":{\"transparency\":{\"expr\":{\"Literal\":{\"Value\":\"100D\"}}}}}]}}}",
          "filters": "[]",
          "height": 147.14,
          "width": 481.21,
          "x": 730.85,
          "y": 194.17,
          "z": 1000.00
        },
        {
          "config": "{\"name\":\"2e6f75b6096e8dec4f42\",\"layouts\":[{\"id\":0,\"position\":{\"x\":75.97989949748744,\"y\":393.1658291457286,\"z\":3000,\"width\":475.1758793969849,\"height\":290.6532663316583,\"tabOrder\":3000}}],\"singleVisual\":{\"visualType\":\"columnChart\",\"projections\":{\"Category\":[{\"queryRef\":\"Total Revenues.Genre\",\"active\":true}],\"Y\":[{\"queryRef\":\"Sum(Total Genre.Max Revenue)\"},{\"queryRef\":\"Sum(Total Genre.Average Revenue)\"}]},\"prototypeQuery\":{\"Version\":2,\"From\":[{\"Name\":\"t\",\"Entity\":\"Total Revenues\",\"Type\":0},{\"Name\":\"t1\",\"Entity\":\"Total Genre\",\"Type\":0}],\"Select\":[{\"Column\":{\"Expression\":{\"SourceRef\":{\"Source\":\"t\"}},\"Property\":\"Genre\"},\"Name\":\"Total Revenues.Genre\",\"NativeReferenceName\":\"Genre\"},{\"Aggregation\":{\"Expression\":{\"Column\":{\"Expression\":{\"SourceRef\":{\"Source\":\"t1\"}},\"Property\":\"Max Revenue\"}},\"Function\":0},\"Name\":\"Sum(Total Genre.Max Revenue)\",\"NativeReferenceName\":\"Sum of Max Revenue\"},{\"Aggregation\":{\"Expression\":{\"Column\":{\"Expression\":{\"SourceRef\":{\"Source\":\"t1\"}},\"Property\":\"Average Revenue\"}},\"Function\":0},\"Name\":\"Sum(Total Genre.Average Revenue)\",\"NativeReferenceName\":\"Sum of Average Revenue\"}],\"OrderBy\":[{\"Direction\":2,\"Expression\":{\"Aggregation\":{\"Expression\":{\"Column\":{\"Expression\":{\"SourceRef\":{\"Source\":\"t1\"}},\"Property\":\"Max Revenue\"}},\"Function\":0}}}]},\"drillFilterOtherVisuals\":true,\"hasDefaultSort\":true,\"objects\":{\"dataPoint\":[{\"properties\":{\"fill\":{\"solid\":{\"color\":{\"expr\":{\"ThemeDataColor\":{\"ColorId\":1,\"Percent\":0}}}}}},\"selector\":{\"metadata\":\"Sum(Total Genre.Average Revenue)\"}},{\"properties\":{\"fill\":{\"solid\":{\"color\":{\"expr\":{\"ThemeDataColor\":{\"ColorId\":4,\"Percent\":0}}}}}},\"selector\":{\"metadata\":\"Sum(Total Genre.Max Revenue)\"}}],\"labels\":[{\"properties\":{\"show\":{\"expr\":{\"Literal\":{\"Value\":\"true\"}}}}}],\"categoryAxis\":[{\"properties\":{\"fontFamily\":{\"expr\":{\"Literal\":{\"Value\":\"'''Segoe UI Semibold'', wf_segoe-ui_semibold, helvetica, arial, sans-serif'\"}}},\"labelColor\":{\"solid\":{\"color\":{\"expr\":{\"ThemeDataColor\":{\"ColorId\":1,\"Percent\":0}}}}},\"titleFontFamily\":{\"expr\":{\"Literal\":{\"Value\":\"'''Segoe UI Semibold'', wf_segoe-ui_semibold, helvetica, arial, sans-serif'\"}}},\"titleColor\":{\"solid\":{\"color\":{\"expr\":{\"ThemeDataColor\":{\"ColorId\":1,\"Percent\":0}}}}}}}],\"valueAxis\":[{\"properties\":{\"fontFamily\":{\"expr\":{\"Literal\":{\"Value\":\"'''Segoe UI Semibold'', wf_segoe-ui_semibold, helvetica, arial, sans-serif'\"}}},\"labelColor\":{\"solid\":{\"color\":{\"expr\":{\"ThemeDataColor\":{\"ColorId\":1,\"Percent\":0}}}}}}}]},\"vcObjects\":{\"background\":[{\"properties\":{\"transparency\":{\"expr\":{\"Literal\":{\"Value\":\"100D\"}}}}}]}}}",
          "filters": "[]",
          "height": 290.65,
          "width": 475.18,
          "x": 75.98,
          "y": 393.17,
          "z": 3000.00
        },
        {
          "config": "{\"name\":\"3ed681182c04398c8890\",\"layouts\":[{\"id\":0,\"position\":{\"x\":653.6683417085427,\"y\":21.708542713567837,\"z\":4000,\"width\":215.8793969849246,\"height\":114.57286432160804,\"tabOrder\":4000}}],\"singleVisual\":{\"visualType\":\"card\",\"projections\":{\"Values\":[{\"queryRef\":\"Sum(Movie by rank.Movies by Director)\"}]},\"prototypeQuery\":{\"Version\":2,\"From\":[{\"Name\":\"m\",\"Entity\":\"Movie by rank\",\"Type\":0}],\"Select\":[{\"Aggregation\":{\"Expression\":{\"Column\":{\"Expression\":{\"SourceRef\":{\"Source\":\"m\"}},\"Property\":\"Movies by Director\"}},\"Function\":0},\"Name\":\"Sum(Movie by rank.Movies by Director)\",\"NativeReferenceName\":\"Sum of Movies by Director\"}],\"OrderBy\":[{\"Direction\":2,\"Expression\":{\"Aggregation\":{\"Expression\":{\"Column\":{\"Expression\":{\"SourceRef\":{\"Source\":\"m\"}},\"Property\":\"Movies by Director\"}},\"Function\":0}}}]},\"drillFilterOtherVisuals\":true,\"hasDefaultSort\":true,\"objects\":{\"labels\":[{\"properties\":{\"fontFamily\":{\"expr\":{\"Literal\":{\"Value\":\"'''Segoe UI Semibold'', wf_segoe-ui_semibold, helvetica, arial, sans-serif'\"}}},\"fontSize\":{\"expr\":{\"Literal\":{\"Value\":\"35D\"}}}}}],\"categoryLabels\":[{\"properties\":{\"fontFamily\":{\"expr\":{\"Literal\":{\"Value\":\"'''Segoe UI Semibold'', wf_segoe-ui_semibold, helvetica, arial, sans-serif'\"}}},\"fontSize\":{\"expr\":{\"Literal\":{\"Value\":\"10D\"}}}}}]},\"vcObjects\":{\"background\":[{\"properties\":{\"transparency\":{\"expr\":{\"Literal\":{\"Value\":\"100D\"}}}}}]}}}",
          "filters": "[]",
          "height": 114.57,
          "width": 215.88,
          "x": 653.67,
          "y": 21.71,
          "z": 4000.00
        },
        {
          "config": "{\"name\":\"6a2069c750db1d95995e\",\"layouts\":[{\"id\":0,\"position\":{\"x\":54.27135678391959,\"y\":109.74874371859296,\"z\":8000,\"width\":121.80904522613065,\"height\":39.79899497487437,\"tabOrder\":8000}}],\"singleVisual\":{\"visualType\":\"actionButton\",\"drillFilterOtherVisuals\":true,\"objects\":{\"icon\":[{\"properties\":{\"shapeType\":{\"expr\":{\"Literal\":{\"Value\":\"'blank'\"}}}},\"selector\":{\"id\":\"default\"}}],\"text\":[{\"properties\":{\"text\":{\"expr\":{\"Literal\":{\"Value\":\"'Click to see First'\"}}},\"fontColor\":{\"solid\":{\"color\":{\"expr\":{\"Literal\":{\"Value\":\"'#ffffff'\"}}}}}},\"selector\":{\"id\":\"default\"}},{\"properties\":{\"show\":{\"expr\":{\"Literal\":{\"Value\":\"true\"}}}}}],\"outline\":[{\"properties\":{\"show\":{\"expr\":{\"Literal\":{\"Value\":\"false\"}}}}}]},\"vcObjects\":{\"visualLink\":[{\"properties\":{\"show\":{\"expr\":{\"Literal\":{\"Value\":\"true\"}}},\"type\":{\"expr\":{\"Literal\":{\"Value\":\"'PageNavigation'\"}}},\"navigationSection\":{\"expr\":{\"Literal\":{\"Value\":\"'ReportSectionab68e56c40c91581e865'\"}}}}}]}}}",
          "filters": "[]",
          "height": 39.80,
          "width": 121.81,
          "x": 54.27,
          "y": 109.75,
          "z": 8000.00
        },
        {
          "config": "{\"name\":\"7c6dd5edd19f1e50388f\",\"layouts\":[{\"id\":0,\"position\":{\"x\":56.68341708542713,\"y\":206.23115577889445,\"z\":2000,\"width\":230.35175879396982,\"height\":106.13065326633165,\"tabOrder\":2000}}],\"singleVisual\":{\"visualType\":\"slicer\",\"projections\":{\"Values\":[{\"queryRef\":\"Year.Year\",\"active\":true}]},\"prototypeQuery\":{\"Version\":2,\"From\":[{\"Name\":\"y\",\"Entity\":\"Year\",\"Type\":0}],\"Select\":[{\"Column\":{\"Expression\":{\"SourceRef\":{\"Source\":\"y\"}},\"Property\":\"Year\"},\"Name\":\"Year.Year\",\"NativeReferenceName\":\"Year\"}]},\"drillFilterOtherVisuals\":true,\"objects\":{\"data\":[{\"properties\":{\"mode\":{\"expr\":{\"Literal\":{\"Value\":\"'Between'\"}}}}}],\"general\":[{\"properties\":{\"orientation\":{\"expr\":{\"Literal\":{\"Value\":\"1D\"}}}}}],\"header\":[{\"properties\":{\"fontFamily\":{\"expr\":{\"Literal\":{\"Value\":\"'''Segoe UI Bold'', wf_segoe-ui_bold, helvetica, arial, sans-serif'\"}}},\"textSize\":{\"expr\":{\"Literal\":{\"Value\":\"30D\"}}},\"bold\":{\"expr\":{\"Literal\":{\"Value\":\"false\"}}}}}],\"numericInputStyle\":[{\"properties\":{\"textSize\":{\"expr\":{\"Literal\":{\"Value\":\"12D\"}}}}}]},\"vcObjects\":{\"background\":[{\"properties\":{\"transparency\":{\"expr\":{\"Literal\":{\"Value\":\"95D\"}}}}}],\"border\":[{\"properties\":{\"show\":{\"expr\":{\"Literal\":{\"Value\":\"false\"}}}}}],\"dropShadow\":[{\"properties\":{\"show\":{\"expr\":{\"Literal\":{\"Value\":\"false\"}}}}}]}}}",
          "filters": "[]",
          "height": 106.13,
          "width": 230.35,
          "x": 56.68,
          "y": 206.23,
          "z": 2000.00
        },
        {
          "config": "{\"name\":\"91912450ca78bee39e4b\",\"layouts\":[{\"id\":0,\"position\":{\"x\":745.3266331658291,\"y\":385.929648241206,\"z\":0,\"width\":452.2613065326633,\"height\":306.33165829145725,\"tabOrder\":0}}],\"singleVisual\":{\"visualType\":\"lineChart\",\"projections\":{\"Category\":[{\"queryRef\":\"Total Genre.Genre\",\"active\":true}],\"Y\":[{\"queryRef\":\"Sum(IMDB-Movie-Data.Votes)\"}],\"Y2\":[{\"queryRef\":\"CountNonNull(IMDB-Movie-Data.Rank)\"}],\"Tooltips\":[{\"queryRef\":\"Sum(Total Revenues.Total Votes)\"}]},\"prototypeQuery\":{\"Version\":2,\"From\":[{\"Name\":\"t\",\"Entity\":\"Total Genre\",\"Type\":0},{\"Name\":\"i\",\"Entity\":\"IMDB-Movie-Data\",\"Type\":0},{\"Name\":\"t1\",\"Entity\":\"Total Revenues\",\"Type\":0}],\"Select\":[{\"Column\":{\"Expression\":{\"SourceRef\":{\"Source\":\"t\"}},\"Property\":\"Genre\"},\"Name\":\"Total Genre.Genre\",\"NativeReferenceName\":\"Genre\"},{\"Aggregation\":{\"Expression\":{\"Column\":{\"Expression\":{\"SourceRef\":{\"Source\":\"i\"}},\"Property\":\"Votes\"}},\"Function\":1},\"Name\":\"Sum(IMDB-Movie-Data.Votes)\",\"NativeReferenceName\":\"Average of Votes\"},{\"Aggregation\":{\"Expression\":{\"Column\":{\"Expression\":{\"SourceRef\":{\"Source\":\"i\"}},\"Property\":\"Rank\"}},\"Function\":5},\"Name\":\"CountNonNull(IMDB-Movie-Data.Rank)\",\"NativeReferenceName\":\"Count of Rank\"},{\"Aggregation\":{\"Expression\":{\"Column\":{\"Expression\":{\"SourceRef\":{\"Source\":\"t1\"}},\"Property\":\"Total Votes\"}},\"Function\":0},\"Name\":\"Sum(Total Revenues.Total Votes)\",\"NativeReferenceName\":\"Sum of Total Votes\"}],\"OrderBy\":[{\"Direction\":2,\"Expression\":{\"Aggregation\":{\"Expression\":{\"Column\":{\"Expression\":{\"SourceRef\":{\"Source\":\"i\"}},\"Property\":\"Votes\"}},\"Function\":1}}}]},\"drillFilterOtherVisuals\":true,\"hasDefaultSort\":true,\"objects\":{\"categoryAxis\":[{\"properties\":{\"fontFamily\":{\"expr\":{\"Literal\":{\"Value\":\"'''Segoe UI Semibold'', wf_segoe-ui_semibold, helvetica, arial, sans-serif'\"}}},\"labelColor\":{\"solid\":{\"color\":{\"expr\":{\"ThemeDataColor\":{\"ColorId\":1,\"Percent\":0}}}}}}}],\"dataPoint\":[{\"properties\":{\"fill\":{\"solid\":{\"color\":{\"expr\":{\"ThemeDataColor\":{\"ColorId\":4,\"Percent\":0}}}}}},\"selector\":{\"metadata\":\"CountNonNull(IMDB-Movie-Data.Rank)\"}},{\"properties\":{\"fill\":{\"solid\":{\"color\":{\"expr\":{\"ThemeDataColor\":{\"ColorId\":1,\"Percent\":0}}}}}},\"selector\":{\"metadata\":\"Sum(IMDB-Movie-Data.Votes)\"}}]},\"vcObjects\":{\"background\":[{\"properties\":{\"transparency\":{\"expr\":{\"Literal\":{\"Value\":\"100D\"}}}}}]}}}",
          "filters": "[]",
          "height": 306.33,
          "width": 452.26,
          "x": 745.33,
          "y": 385.93,
          "z": 0.00
        },
        {
          "config": "{\"name\":\"c761ef309ebe0830ae1b\",\"layouts\":[{\"id\":0,\"position\":{\"x\":365.42713567839195,\"y\":167.63819095477385,\"z\":9000,\"width\":288.24120603015075,\"height\":182.11055276381907,\"tabOrder\":9000}}],\"singleVisual\":{\"visualType\":\"pieChart\",\"projections\":{\"Y\":[{\"queryRef\":\"Sum(Movie by rank.Movies by Director)\"}],\"Category\":[{\"queryRef\":\"Total Revenues.Genre\",\"active\":true}]},\"prototypeQuery\":{\"Version\":2,\"From\":[{\"Name\":\"m\",\"Entity\":\"Movie by rank\",\"Type\":0},{\"Name\":\"t\",\"Entity\":\"Total Revenues\",\"Type\":0}],\"Select\":[{\"Aggregation\":{\"Expression\":{\"Column\":{\"Expression\":{\"SourceRef\":{\"Source\":\"m\"}},\"Property\":\"Movies by Director\"}},\"Function\":1},\"Name\":\"Sum(Movie by rank.Movies by Director)\",\"NativeReferenceName\":\"Average of Movies by Director\"},{\"Column\":{\"Expression\":{\"SourceRef\":{\"Source\":\"t\"}},\"Property\":\"Genre\"},\"Name\":\"Total Revenues.Genre\",\"NativeReferenceName\":\"Genre\"}],\"OrderBy\":[{\"Direction\":2,\"Expression\":{\"Aggregation\":{\"Expression\":{\"Column\":{\"Expression\":{\"SourceRef\":{\"Source\":\"m\"}},\"Property\":\"Movies by Director\"}},\"Function\":1}}}]},\"drillFilterOtherVisuals\":true,\"hasDefaultSort\":true,\"objects\":{\"labels\":[{\"properties\":{\"position\":{\"expr\":{\"Literal\":{\"Value\":\"'outside'\"}}},\"bold\":{\"expr\":{\"Literal\":{\"Value\":\"true\"}}},\"fontSize\":{\"expr\":{\"Literal\":{\"Value\":\"8D\"}}},\"show\":{\"expr\":{\"Literal\":{\"Value\":\"true\"}}}}},{\"properties\":{\"color\":{\"solid\":{\"color\":{\"expr\":{\"ThemeDataColor\":{\"ColorId\":1,\"Percent\":0}}}}}},\"selector\":{\"data\":[{\"dataViewWildcard\":{\"matchingOption\":1}}]}}],\"dataPoint\":[{\"properties\":{\"fill\":{\"solid\":{\"color\":{\"expr\":{\"ThemeDataColor\":{\"ColorId\":4,\"Percent\":0}}}}}},\"selector\":{\"data\":[{\"scopeId\":{\"Comparison\":{\"ComparisonKind\":0,\"Left\":{\"Column\":{\"Expression\":{\"SourceRef\":{\"Entity\":\"Total Revenues\"}},\"Property\":\"Genre\"}},\"Right\":{\"Literal\":{\"Value\":\"null\"}}}}}]}},{\"properties\":{\"fill\":{\"solid\":{\"color\":{\"expr\":{\"Literal\":{\"Value\":\"'#ffffff'\"}}}}}},\"selector\":{\"data\":[{\"scopeId\":{\"Comparison\":{\"ComparisonKind\":0,\"Left\":{\"Column\":{\"Expression\":{\"SourceRef\":{\"Entity\":\"Total Revenues\"}},\"Property\":\"Genre\"}},\"Right\":{\"Literal\":{\"Value\":\"'Comedy'\"}}}}}]}},{\"properties\":{\"fill\":{\"solid\":{\"color\":{\"expr\":{\"ThemeDataColor\":{\"ColorId\":8,\"Percent\":0.4}}}}}},\"selector\":{\"data\":[{\"scopeId\":{\"Comparison\":{\"ComparisonKind\":0,\"Left\":{\"Column\":{\"Expression\":{\"SourceRef\":{\"Entity\":\"Total Revenues\"}},\"Property\":\"Genre\"}},\"Right\":{\"Literal\":{\"Value\":\"'Drama'\"}}}}}]}},{\"properties\":{\"fill\":{\"solid\":{\"color\":{\"expr\":{\"ThemeDataColor\":{\"ColorId\":4,\"Percent\":0.2}}}}}},\"selector\":{\"data\":[{\"scopeId\":{\"Comparison\":{\"ComparisonKind\":0,\"Left\":{\"Column\":{\"Expression\":{\"SourceRef\":{\"Entity\":\"Total Revenues\"}},\"Property\":\"Genre\"}},\"Right\":{\"Literal\":{\"Value\":\"'Thriller'\"}}}}}]}},{\"properties\":{\"fill\":{\"solid\":{\"color\":{\"expr\":{\"ThemeDataColor\":{\"ColorId\":8,\"Percent\":0.6}}}}}},\"selector\":{\"data\":[{\"scopeId\":{\"Comparison\":{\"ComparisonKind\":0,\"Left\":{\"Column\":{\"Expression\":{\"SourceRef\":{\"Entity\":\"Total Revenues\"}},\"Property\":\"Genre\"}},\"Right\":{\"Literal\":{\"Value\":\"'Horror'\"}}}}}]}},{\"properties\":{\"fill\":{\"solid\":{\"color\":{\"expr\":{\"ThemeDataColor\":{\"ColorId\":4,\"Percent\":0.4}}}}}},\"selector\":{\"data\":[{\"scopeId\":{\"Comparison\":{\"ComparisonKind\":0,\"Left\":{\"Column\":{\"Expression\":{\"SourceRef\":{\"Entity\":\"Total Revenues\"}},\"Property\":\"Genre\"}},\"Right\":{\"Literal\":{\"Value\":\"'Action'\"}}}}}]}},{\"properties\":{\"fill\":{\"solid\":{\"color\":{\"expr\":{\"ThemeDataColor\":{\"ColorId\":8,\"Percent\":0.2}}}}}},\"selector\":{\"data\":[{\"scopeId\":{\"Comparison\":{\"ComparisonKind\":0,\"Left\":{\"Column\":{\"Expression\":{\"SourceRef\":{\"Entity\":\"Total Revenues\"}},\"Property\":\"Genre\"}},\"Right\":{\"Literal\":{\"Value\":\"'Adventure'\"}}}}}]}}]},\"vcObjects\":{\"background\":[{\"properties\":{\"transparency\":{\"expr\":{\"Literal\":{\"Value\":\"100D\"}}}}}],\"border\":[{\"properties\":{\"show\":{\"expr\":{\"Literal\":{\"Value\":\"false\"}}}}}],\"visualHeader\":[{\"properties\":{\"show\":{\"expr\":{\"Literal\":{\"Value\":\"true\"}}}}}],\"visualTooltip\":[{\"properties\":{\"show\":{\"expr\":{\"Literal\":{\"Value\":\"true\"}}}}}],\"title\":[{\"properties\":{\"fontSize\":{\"expr\":{\"Literal\":{\"Value\":\"11D\"}}}}}]}}}",
          "filters": "[]",
          "height": 182.11,
          "width": 288.24,
          "x": 365.43,
          "y": 167.64,
          "z": 9000.00
        },
        {
          "config": "{\"name\":\"d0f0d2273a75bd6418d5\",\"layouts\":[{\"id\":0,\"position\":{\"x\":1035.9798994974874,\"y\":21.708542713567837,\"z\":7000,\"width\":190.55276381909547,\"height\":112.1608040201005,\"tabOrder\":7000}}],\"singleVisual\":{\"visualType\":\"card\",\"projections\":{\"Values\":[{\"queryRef\":\"Sum(IMDB-Movie-Data.Votes)\"}]},\"prototypeQuery\":{\"Version\":2,\"From\":[{\"Name\":\"i\",\"Entity\":\"IMDB-Movie-Data\",\"Type\":0}],\"Select\":[{\"Aggregation\":{\"Expression\":{\"Column\":{\"Expression\":{\"SourceRef\":{\"Source\":\"i\"}},\"Property\":\"Votes\"}},\"Function\":0},\"Name\":\"Sum(IMDB-Movie-Data.Votes)\",\"NativeReferenceName\":\"Sum of Votes\"}],\"OrderBy\":[{\"Direction\":2,\"Expression\":{\"Aggregation\":{\"Expression\":{\"Column\":{\"Expression\":{\"SourceRef\":{\"Source\":\"i\"}},\"Property\":\"Votes\"}},\"Function\":0}}}]},\"drillFilterOtherVisuals\":true,\"hasDefaultSort\":true,\"objects\":{\"labels\":[{\"properties\":{\"fontFamily\":{\"expr\":{\"Literal\":{\"Value\":\"'''Lucida Sans Unicode'''\"}}},\"fontSize\":{\"expr\":{\"Literal\":{\"Value\":\"35D\"}}}}}],\"categoryLabels\":[{\"properties\":{\"fontFamily\":{\"expr\":{\"Literal\":{\"Value\":\"'''Segoe UI Semibold'', wf_segoe-ui_semibold, helvetica, arial, sans-serif'\"}}},\"fontSize\":{\"expr\":{\"Literal\":{\"Value\":\"9D\"}}}}}]},\"vcObjects\":{\"background\":[{\"properties\":{\"transparency\":{\"expr\":{\"Literal\":{\"Value\":\"100D\"}}}}}]}}}",
          "filters": "[]",
          "height": 112.16,
          "width": 190.55,
          "x": 1035.98,
          "y": 21.71,
          "z": 7000.00
        },
        {
          "config": "{\"name\":\"d23ddafd09b533562cec\",\"layouts\":[{\"id\":0,\"position\":{\"x\":446.23115577889445,\"y\":21.708542713567837,\"z\":5000,\"width\":185.7286432160804,\"height\":112.1608040201005,\"tabOrder\":5000}}],\"singleVisual\":{\"visualType\":\"card\",\"projections\":{\"Values\":[{\"queryRef\":\"Sum(IMDB-Movie-Data.Revenue (Millions))\"}]},\"prototypeQuery\":{\"Version\":2,\"From\":[{\"Name\":\"i\",\"Entity\":\"IMDB-Movie-Data\",\"Type\":0}],\"Select\":[{\"Aggregation\":{\"Expression\":{\"Column\":{\"Expression\":{\"SourceRef\":{\"Source\":\"i\"}},\"Property\":\"Revenue (Millions)\"}},\"Function\":0},\"Name\":\"Sum(IMDB-Movie-Data.Revenue (Millions))\",\"NativeReferenceName\":\"Sum of Revenue (Millions)\"}],\"OrderBy\":[{\"Direction\":2,\"Expression\":{\"Aggregation\":{\"Expression\":{\"Column\":{\"Expression\":{\"SourceRef\":{\"Source\":\"i\"}},\"Property\":\"Revenue (Millions)\"}},\"Function\":0}}}]},\"drillFilterOtherVisuals\":true,\"hasDefaultSort\":true,\"objects\":{\"labels\":[{\"properties\":{\"fontFamily\":{\"expr\":{\"Literal\":{\"Value\":\"'''Lucida Sans Unicode'''\"}}},\"fontSize\":{\"expr\":{\"Literal\":{\"Value\":\"35D\"}}}}}],\"categoryLabels\":[{\"properties\":{\"fontFamily\":{\"expr\":{\"Literal\":{\"Value\":\"'''Segoe UI Semibold'', wf_segoe-ui_semibold, helvetica, arial, sans-serif'\"}}},\"fontSize\":{\"expr\":{\"Literal\":{\"Value\":\"10D\"}}}}}]},\"vcObjects\":{\"background\":[{\"properties\":{\"transparency\":{\"expr\":{\"Literal\":{\"Value\":\"100D\"}}}}}]}}}",
          "filters": "[]",
          "height": 112.16,
          "width": 185.73,
          "x": 446.23,
          "y": 21.71,
          "z": 5000.00
        },
        {
          "config": "{\"name\":\"fbb21d327d8a2e5c93d3\",\"layouts\":[{\"id\":0,\"position\":{\"x\":857.4874371859296,\"y\":24.120603015075375,\"z\":6000,\"width\":190.55276381909547,\"height\":112.1608040201005,\"tabOrder\":6000}}],\"singleVisual\":{\"visualType\":\"card\",\"projections\":{\"Values\":[{\"queryRef\":\"Sum(IMDB-Movie-Data.Runtime (Minutes))\"}]},\"prototypeQuery\":{\"Version\":2,\"From\":[{\"Name\":\"i\",\"Entity\":\"IMDB-Movie-Data\",\"Type\":0}],\"Select\":[{\"Aggregation\":{\"Expression\":{\"Column\":{\"Expression\":{\"SourceRef\":{\"Source\":\"i\"}},\"Property\":\"Runtime (Minutes)\"}},\"Function\":0},\"Name\":\"Sum(IMDB-Movie-Data.Runtime (Minutes))\",\"NativeReferenceName\":\"Sum of Runtime (Minutes)\"}],\"OrderBy\":[{\"Direction\":2,\"Expression\":{\"Aggregation\":{\"Expression\":{\"Column\":{\"Expression\":{\"SourceRef\":{\"Source\":\"i\"}},\"Property\":\"Runtime (Minutes)\"}},\"Function\":0}}}]},\"drillFilterOtherVisuals\":true,\"hasDefaultSort\":true,\"objects\":{\"labels\":[{\"properties\":{\"fontFamily\":{\"expr\":{\"Literal\":{\"Value\":\"'''Lucida Sans Unicode'''\"}}},\"fontSize\":{\"expr\":{\"Literal\":{\"Value\":\"35D\"}}}}}],\"categoryLabels\":[{\"properties\":{\"fontFamily\":{\"expr\":{\"Literal\":{\"Value\":\"'''Segoe UI Semibold'', wf_segoe-ui_semibold, helvetica, arial, sans-serif'\"}}},\"fontSize\":{\"expr\":{\"Literal\":{\"Value\":\"9D\"}}}}}]},\"vcObjects\":{\"background\":[{\"properties\":{\"transparency\":{\"expr\":{\"Literal\":{\"Value\":\"100D\"}}}}}]}}}",
          "filters": "[]",
          "height": 112.16,
          "width": 190.55,
          "x": 857.49,
          "y": 24.12,
          "z": 6000.00
        }
      ],
      "width": 1280.00
    }
  ]
}